averages_left_muscle_activity,averages_right_muscle_activity,muscles
0.669637532747,0.690678639235,b1
0.221130390003,0.251712201539,b2
0.591944217165,0.721909246876,b3
0.291893767152,0.355295984792,i1
0.313596184749,0.396915079535,i2
0.187882597976,0.142764199515,iii1
0.627809388342,0.45006780579,iii3
0.270333228662,0.427122571905,hg1
0.346078590294,0.375714210216,hg2
0.00386929945553,,hg3
0.133210052247,0.639876989626,hg4
