averages_left_muscle_activity,averages_right_muscle_activity,muscles
0.637746643182,0.65444385023,b1
0.20468660442,0.233199577213,b2
0.607662823461,0.68590701099,b3
0.300581605363,0.269744220463,i1
0.257275099262,0.270871686426,i2
0.167867923267,0.134432087133,iii1
0.513630429954,0.526358501239,iii3
0.258698028556,0.311922093209,hg1
0.315808092158,0.292973130924,hg2
0.00760106247594,,hg3
0.146817502791,0.532265761234,hg4
