averages_left_muscle_activity,averages_right_muscle_activity,muscles
0.529012856656,0.573463573771,b1
0.190811317443,0.22875257824,b2
0.530992008944,0.583712861732,b3
0.272944834688,0.243527761537,i1
0.313536239367,0.255728674817,i2
0.153328004444,0.127832460692,iii1
0.44656727337,0.471499394164,iii3
0.242354951408,0.290165135793,hg1
0.301393237549,0.266296377978,hg2
0.0166550276013,,hg3
0.130512537602,0.476447005421,hg4
